N°,Tipo principal,Tipos secundarios,Fuente,Página web,Descripción,Sector principal,Subsectores,Organización,SubOrganización
1,Financiación,Inversión de impacto,SVX Colombia,https://svxcolombia.com/,SVX Colombia is an impact financial services firm that promotes purpose-driven investment in Colombia and the region. ,Finanzas,Finanzas,Organización sin fines de lucro (ONG),Organización sin fines de lucro
2,Subvención,Subvenciones,La Fundación Interamericana (IAF),https://www.iaf.gov/es/,La Fundación Interamericana (IAF) es un organismo independiente de ayuda exterior de EE.UU. creado por el Congreso en 1969 que invierte directamente en el desarrollo localizado liderado por la comunidad en toda América Latina y el Caribe,Desarrollo,"Desarrollo comunitario
Agricultura sostenible",Pública,Pública aunque independiente del gobiernos de los Estados Unidos
3,Cooperación internacional,Cooperación internacional,Agencia Española de Cooperación Internacional para el Desarrollo (AECID),https://www.aecid.es/inicio,"La AECID se define en la Ley de Cooperación como la agencia estatal adscrita al Ministerio de Asuntos Exteriores, Unión Europea y Cooperación, responsable del fomento, programación, coordinación operativa, gestión y ejecución de las políticas públicas de cooperación española para el desarrollo sostenible, acción humanitaria y educación para el desarrollo sostenible y la ciudadanía global.",Desarrollo,Fomentar el desarrollo sostenible,Pública,Pública
4,Financiación,Funding,The White Feather Foundation (TWFF),https://whitefeatherfoundation.com/,"We embrace environmental and humanitarian issues; and in conjunction with partners from around the world, we help to raise funds for the betterment of all life.",Ambiental,"For the Conservation of Life. Give access to clean water, provide educational opportunities and improve the health of those less fortunate. Protect and preserve our environment and Indigenous cultures.",Privada sin fines de lucro (private nonprofit),Private nonprofit 
5,Financiación,"Préstamos, subvenciones, fondos",Agence Française de Développement (AFD),https://www.afd.fr/es,"El Grupo AFD, compuesto por la Agence française de développement, Proparco y Expertise France, implementa la política de cooperación internacional definida por las autoridades francesas. ",Ambiental,ODS,Pública,Pública
6,Cooperación internacional,Cooperación internacional,Expertise France,https://www.expertisefrance.fr/en,Expertise France es una agencia internacional de cooperación al desarrollo que opera bajo los auspicios del gobierno francés.,Desarrollo,"Gobernanza, seguridad, clima, salud, educación, emprendimiento, industrias culturales y creativas, etc.",Pública,Pública
7,Academia,Convocatoria de investigación,"La Fundación ""la Caixa""",https://fundacionlacaixa.org/es/home,"Comprometida con el desarrollo socioeconómico del territorio desde sus inicios, la Fundación ”la Caixa” pronto proporcionó servicios en el ámbito social, cultural y cívico para mejorar la calidad de vida de las personas.",Ambiental,"Ciencia, cultura, medio ambiente, innovación social",Privada sin fines de lucro (private nonprofit),Privada de naturaleza no lucrativa
8,Subvención,Grants/Funding,The Rufford Foundation,https://www.rufford.org/,The Rufford Foundation is a UK registered charity which funds nature conservation projects across the developing world.,Ambiental,Nature conservation,Organización caritativa sin fines de lucro,Non-profit charity 
9,Subvención,Grants,Whitley Fund for Nature (WFN),https://whitleyaward.org/,"Whitley Fund for Nature (WFN) is a fundraising and grant-giving nature conservation charity, generously supported for more than 20 years by our Patron HRH The Princess Royal and WFN Ambassador and former Trustee Sir David Attenborough.",Ambiental,"Wildlife, landscapes, and people",Organización sin fines de lucro (ONG),Non-profit organization
10,Subvención,Grants,IDEA WILD,https://ideawild.org/,"IDEA WILD awards small equipment grants.
We receive equipment requests daily, 50 -70 requests/month, and prioritize them based on conservation impact, recipient need, and project location. Additional consideration is given to projects in areas identified as critical biodiversity hotspots.",Ambiental,"Biological research, conservation education, community outreach, conservation management, field training and professional development.",Organización sin fines de lucro (ONG),Non-profit organization
11,Financiación,"Funding, training, mentorship and continuous peer-to-peer support",Conservation Leadership Programme (CLP),https://www.conservationleadershipprogramme.org/,"Since 1985, CLP has been working to preserve biodiversity by funding and training early-career conservation leaders through our annual Team Awards",Ambiental,Conserve biodiversity and promote sustainable development locally,Privada,Private
12,Subvención,Grants,Wildlife Conservation Society,https://www.wcs.org/,The Wildlife Conservation Society saves wildlife and wild places around the world. WCS runs four zoos and an aquarium in New York and has global conservation programs in more than 50 countries.,Ambiental,"Saves wildlife and wild places worldwide through science, conservation action, education, and inspiring people to value nature",Organización sin fines de lucro (ONG),Non-profit organization
13,Subvención,"Grants, Careers, training",The United Nations Environment Programme (UNEP) ,https://www.unep.org/,"The United Nations Environment Programme (UNEP) is the United Nations’ leading global authority on the environment, driving transformational change on the triple planetary crisis: the crisis of climate change, the crisis of nature, land and biodiversity loss, and the crisis of pollution and waste.   ",Ambiental,"Climate action, Nature action and Chemicals and pollution action",Pública,Público
14,Academia,Careers,Rockefeller Philanthropy Advisors,https://www.rockpa.org/,"Rockefeller Philanthropy Advisors, our mission is to accelerate philanthropy in pursuit of a just world by providing deep global expertise to make philanthropy more thoughtful, equitable and effective.",Desarrollo,"Diversity, Equity, and Inclusion",Organización sin fines de lucro (ONG),Non-profit organization
15,Subvención,Grants,Fondation Segré,https://www.fondationsegre.org/,"Fondation Segré was established in 1996, initially with a very broad scope: to promote humanitarian, scientific, educational, artistic and environmental projects.",Ambiental,Conservation of nature and of biodiversity,Organización caritativa sin fines de lucro,Charity
16,Subvención,Grants,March Conservation Fund,https://marchconservationfund.org/,"Our work is focused on building the capacity of nonprofit operations, both domestically and abroad, to conserve populations of threatened birds and associated biodiversity.",Ambiental,"We expand protected areas, support ecological research, and empower the public to become stewards and advocates for the natural world.",Privada,private foundation
17,Academia,Careers,Fauna & Flora,https://www.fauna-flora.org/,"Fauna & Flora is an international wildlife conservation charity. We work closely with conservation partners in 48 countries to save nature, together.",Ambiental,"protecting and restoring habitats, saving species from extinction and developing sustainable livelihoods",Privada,company limited by guarantee
18,Subvención,Grants,The FairWays Foundation,https://thefairwaysfoundation.com/,"The FairWays Foundation recognizes water as Earth’s most vital resource—essential for life, biological processes, food production, and industry. Despite covering most of the planet, only a small percentage is accessible freshwater. ",Ambiental,"Water Conservation and Stewardship, Water Education and Habitat Conservation and Stewardship.",Organización sin fines de lucro (ONG),not-for-profit organization
19,Academia,"Careers, Funding",National Geographic Society,https://www.nationalgeographic.org/society/,"We fund individuals working on projects in science, conservation, storytelling, education, and technology that align with one or more of our focus areas.

And we don’t just support their incredible work. We actively seek to help them network, connect, and learn with National Geographic and each other, empower them with cutting-edge tools, technology, and training, and further their impact and recognition through our storytelling.",Ambiental,"science, conservation, storytelling, education, and technology",Organización sin fines de lucro (ONG),nonprofit organization
20,Financiación,"préstamos, donaciones y garantías",El Grupo Banco Interamericano de Desarrollo (Grupo BID),https://www.iadb.org/es,"Desde nuestra creación en 1959, hemos trabajado para mejorar la calidad de vida de millones de personas en nuestros 26 países miembros prestatarios en América Latina y el Caribe.

Brindamos apoyo financiero y técnico a gobiernos nacionales, subnacionales y otras entidades de la región. Llevamos a cabo investigaciones de vanguardia y desarrollamos soluciones innovadoras para enfrentar los desafíos del desarrollo, tanto a nivel local como global.",Cambio climático,"préstamos, donaciones y garantías, Abordar el cambio climático, Fortalecer el crecimiento sostenible
 ",Institución financiera,Organización financiera
21,Proyectos,"Projects, Careers, Funding",The Deutsche Gesellschaft für Internationale Zusammenarbeit (GIZ),https://www.giz.de/en,"The Deutsche Gesellschaft für Internationale Zusammenarbeit (GIZ) GmbH works worldwide for a future worth living. Together with our partners, we create opportunities and sustainably improve people’s lives. Through our networks, we turn international agendas into action – with a global vision and local impact.",Desarrollo,"Cooperation with the private sector, Making labour migration fair and A just transition – change that leaves no one behind",Privada,empresa público-privada con forma de sociedad de responsabilidad limitada (GmbH)
22,Proyectos,Projects,DAI,https://www.dai.com/,DAI works on the frontlines of global development. Transforming ideas into action—action into impact. We are committed to shaping a more livable world.,Desarrollo,"Climate, capital, digital acceleration, economic growth, education, environment, global health",Privada,Private
23,Academia,Career opportunities,baker hughes company,https://www.bakerhughes.com/,We are an energy technology company.  We understand the demands on energy. What it takes to produce it. How we make use of it. Why it’s essential to reduce its impact. Where we can change to achieve a sustainable balance.,Energía,"We develop and deploy the most advanced technologies to serve energy and industrial companies looking for more efficient, more reliable and cleaner solutions.",Privada,Private
24,Subvención,"Grants, Projects, Careers",The Global Environment Facility,https://www.thegef.org/,"The Global Environment Facility (GEF) includes several multilateral funds working together to address the planet's most pressing challenges in an integrated way. Its financing helps developing countries address complex challenges and work towards meeting international environmental goals. Over the past three decades, the GEF has provided more than $26 billion in financing, primarily as grants, and mobilized another $153 billion for country-driven priority projects. ",Ambiental,"Amazon, biodiversity, blended finance, food security, forest",Cooperación internacional,Cooperación internacional/Mixta
25,Subvención,Grants,TUI Care Foundation,https://www.tuicarefoundation.com/en,The TUI Forests programme puts forests at the centre of thriving communities and destinations. The programme will plant new trees and support local people to build thriving livelihoods through community managed tree nurseries and the creation of forest-based tourism experiences.,Ambiental,"supports and initiates projects which create new opportunities and contribute to thriving communities in tourism destinations all over the world. Connecting holidaymakers to good causes, it supports education and training opportunities for young people; drives the protection of natural habitats and the marine environment; and helps local communities to thrive sustainably and benefit from tourism",Pública,public benefit organization
26,Subvención,Grants,Turtle Conservation Fund (TCF),https://turtleconservationfund.org/homepage/,The Turtle Conservation Fund (TCF) is a strategizing and funding partnership coalition of leading turtle conservation organizations and individuals focused on ensuring the long-term survival of tortoises and freshwater turtles,Ambiental,To ensure that no species of tortoise or freshwater turtle becomes extinct and that sustainable populations of all species persist in the wild,Privada sin fines de lucro (private nonprofit),"private, non-profit organization"
27,Subvención,Grants,"The Conservation, Food & Health Foundation",https://cfhfoundation.grantsmanagement08.com/,"The Conservation, Food and Health Foundation seeks to protect the environment, improve food production, and promote public health in Africa, Asia, the Caribbean, Latin America, and the Middle East. ",Ambiental,"Conservation, Food, Health",Privada sin fines de lucro (private nonprofit),"private, non-profit foundation"
28,Subvención,Grants,La Iniciativa Internacional sobre el Clima (IKI),https://www.international-climate-initiative.com/en/,la Iniciativa Internacional sobre el Clima se ha convertido en un programa central para promover la acción climática y la conservación de la biodiversidad.,Cambio climático,"Mitigación de las emisiones de gases de efecto invernadero, Adaptación a los impactos del cambio climático, Preservar y restaurar los sumideros de carbono y Conservación de la diversidad biológica",Pública,Público
29,Academia,global knowledge and technical assistance program,The World Bank’s Energy Sector Management Assistance Program (ESMAP),https://www.esmap.org/ESMAP_At_A_Glance,"ESMAP's analytical and advisory services are seamlessly integrated with the World Bank's country financing and policy dialogue in the energy sector. Through the World Bank Group (WBG), ESMAP strives to expedite the energy transition necessary to achieve Sustainable Development Goal 7 (SDG7), which aims to ensure access to affordable, reliable, sustainable, and modern energy for all.",Energía,"Energy transition, closign the gender gap, energy data analytics, electricity access. Renewable energy",Pública,Public
30,Financiación,finance instruments,The Global Shield against Climate Risks,https://www.globalshield.org/,The aim of the Global Shield is to provide and facilitate more and better pre-arranged protection against climate and disaster related risks for vulnerable people and countries.,Cambio climático,The Global Shield against Climate Risks aims to support countries that are most vulnerable to climate risks.,Mixta,Mix
31,Financiación,finance instruments,The Renewable Energy and Energy Efficiency Partnership (REEEP),https://reeep.org/,REEEP has been advancing the deployment of reliable and affordable clean energy solutions in low- and middle-income countries for the benefit of last-mile customers and the most vulnerable populations.,Energía,"Facilitate reliable and affordable access to energy, Build up local financial ecosystems around clean energy investment, Support the Sustainable Development Goals (SDGs) and the Paris Agreement, Increase climate resilience through clean energy solutions, Catalyse social and equitable development through clean energy",Mixta,Mix
32,Academia,Careers,The U.S. Department of Energy’s Solar Energy Technologies Office (SETO),https://www.energy.gov/eere/solar/solar-energy-technologies-office,"The U.S. Department of Energy (DOE) has one of the richest and most diverse histories in the federal government. Although only in existence since 1977, the Department traces its lineage to the Manhattan Project effort to develop the atomic bomb during World War II and to the various energy-related programs that previously had been dispersed throughout various federal agencies. ",Ambiental,"Security and safety, scientific excellence, environment, energy access",Pública,Public
33,Financiación,"Funding, careers",The Green Climate Fund,https://www.greenclimate.fund/#,"GCF is the world’s climate fund for developing countries. We mobilise and deliver capital at scale, strengthen institutions and support transformative change, and bring together partnership networks to deliver impact.",Cambio climático,"Access funding
Simplified Approval Process
Project Preparation Facility
Project-specific Assessment Approach",Pública,public international organization
34,Financiación,Finance - carbon credits,The Clean Development Mechanism (CDM),https://unfccc.int/process-and-meetings/the-kyoto-protocol/mechanisms-under-the-kyoto-protocol/the-clean-development-mechanism,"The CDM allows emission-reduction projects in developing countries to earn certified emission reduction ( CER ) credits, each equivalent to one tonne of CO2 . These CER s can be traded and sold, and used by industrialized countries to a meet a part of their emission reduction targets under the Kyoto Protocol.",Créditos de carbono,certified emission reduction (CER ) credits (carbon credits),Pública,"public, intergovernmental framework"
35,Cooperación internacional,Cooperación internacional,The International Renewable Energy Agency (IRENA) ,https://www.irena.org/,"The International Renewable Energy Agency (IRENA) is a lead global intergovernmental agency for energy transformation that serves as the principal platform for international cooperation, supports countries in their energy transitions, and provides state of the art data and analyses on technology, innovation, policy, finance and investment.",Energía,Supporting countries worldwide in their transition to a sustainable energy future,Pública,"public, intergovernmental organization"
36,Financiación,instrumento financiero,Programa LIFE,https://cinea.ec.europa.eu/programmes/life_en,"Programa LIFE
Instrumento de financiación de la UE para el medio ambiente y la acción por el clima",Ambiental,"Naturaleza y biodiversidad, Economía circular y calidad de vida, Mitigación y adaptación al cambio climático, Transición a la energía limpia",Organización internacional,Unión Europea (UE)
37,Academia,Careers - Academia,European Research Council (ERC),https://erc.europa.eu/homepage,"El programa del Consejo Europeo de Investigación proporciona financiación atractiva de largo plazo para apoyar a excelentes investigadores e investigadoras y sus equipos con el objetivo de perseguir innovaciones de alto riesgo y de alto beneficio en cualquier campo de investigación, siendo la excelencia científica el único criterio de evaluación.",Desarrollo,"Social Sciences and Humanities, Physical Sciences and Engineering, Life Sciences",Pública,Public
38,Financiación,"Funding opportunities, Jobs for researchers",The Marie Skłodowska-Curie Actions,https://marie-sklodowska-curie-actions.ec.europa.eu/,"The Marie Skłodowska-Curie Actions fund excellent research and innovation and equip researchers at all stages of their career with new knowledge and skills, through mobility across borders and exposure to different sectors and disciplines.",Desarrollo,"academia, industry, and public outreach",Pública,Public
39,Subvención,Grants,"The European Climate, Infrastructure and Environment Executive Agency (CINEA)",https://cinea.ec.europa.eu/index_en,Supporting stakeholders in delivering the European Green Deal through high-quality programme management that helps to implement projects contributing to decarbonisation and sustainable growth.,Energía,"energy, environment, climate action, and transport.",Pública,public agency
40,Financiación,funding instrumen,The Connecting Europe Facility (CEF),https://cinea.ec.europa.eu/programmes/connecting-europe-facility_en,The Connecting Europe Facility (CEF) for Energy is the EU funding programme to implement the Trans-European Networks for Energy policy. It aims at supporting investments in building new cross-border energy infrastructure in Europe or rehabilitating and upgrading the existing one.,Desarrollo,"CEF is a key EU funding instrument to promote growth, jobs and competitiveness through targeted infrastructure investment at European level.",Pública,Public
41,Financiación,Funding,Horizon Europe,https://research-and-innovation.ec.europa.eu/funding/funding-opportunities/funding-programmes-and-open-calls/horizon-europe_en,"Horizon Europe is the EU’s key funding programme for research and innovation. Following the Multiannual Financial Framework Midterm Review (MTR) decision, the indicative funding amount for Horizon Europe for the period 2021-2027 is EUR 93.5 billion.",Cambio climático,"It tackles climate change, helps to achieve the UN’s Sustainable Development Goals and boosts the EU’s competitiveness and growth.",Pública,public funding programme
42,Financiación,Financing,Building Prospects,https://buildingprospects.fmo.nl/,"Building Prospects is the Dutch government fund for private investments in the agribusiness value chain, infrastructure and climate in developing countries.",Desarrollo,"agribusiness value chain, infrastructure and climate",Pública,Public
43,Subvención,Grants,The Innovation Facility,https://www.innovationfacility.org/,"The Innovation Facility is a grant-making programme targeting new types of nature-based carbon projects that, due to their innovative nature, do not yet receive sufficient finance via the Voluntary Carbon Market. The Facility will provide ramp-up finance for these projects. By doing so, they are intended to become investable for the private sector. All projects funded need to focus on nature-based activities that sequester CO2 from the atmosphere, combined with strong positive biodiversity impacts.",Ambiental,Nature-based approaches,Mixta,Mix
44,Financiación,Financing,Global Youth Climate Action Fund (GYCAF),https://gycaf.org/,"La acción climática liderada por jóvenes es cualquier iniciativa, actividad, proyecto o programa coordinado o dirigido por un individuo joven, una organización juvenil, una organización comunitaria o una empresa comercial que esté orientada a la adaptación y mitigación del cambio climático como enfoque principal de la organización o entidad (donde el propósito de fundar esta organización fue combatir solemnemente el cambio climático) o como enfoque secundario (donde el propósito de fundar esta organización fue comprometerse a reducir su huella de carbono).",Cambio climático,cambio climático,Privada,Privado
45,Proyectos,Projects,Better Living Initiatives - Global (BLI Global),https://www.bli-global.org/about-us/,"Better Living Initiatives - Global (BLI Global) is an international grassroots non profit organization focused on promoting solutions, improvements and initiatives to sustain better living conditions around the globe. Whether it is climate action and global warming, environment, education, health, empowerment of women, youth involvement or well being of children, our mission is to inspire global good. ",Cambio climático,"climate action and global warming, environment, education, health, empowerment of women, youth involvement or well being of children",Organización sin fines de lucro (ONG),international grassroots non profit organization
46,Academia,Careers,The Pisces Foundation,https://piscesfoundation.org/,"We partner with environmental leaders and organizations to strengthen the shared tools, resources, and connections that successful movements and advocates need",Cambio climático,"climate, conservation and environmental health and justice",Privada sin fines de lucro (private nonprofit),private non-profit organization
47,Subvención,programme grants,Oak Foundation,https://oakfnd.org/,"They are dedicated to supporting organisations to help people and communities thrive in just societies, where everyone is safe and has the opportunity to succeed. This also includes safeguarding our natural environment for future generations.",Ambiental,"Environment, Child Abuse Prevention, Housing and Homelessness, International Human Rights, Issues Affecting Women, and Learning Differences",Privada,private foundation
48,Financiación,risk capital,The Danish Climate Investment Fund (KIF),https://stateofgreen.com/en/solution-providers/the-danish-climate-investment-fund/,"The fund invests in projects, which directly or indirectly contribute to reduction of the emission of greenhouse gasses. We offer both share capital for the establishment of companies in collaboration with Danish businesses and we can co-invest in major climate projects which include Danish technology or know-how.",Cambio climático,"Buildings, Climate change adaptation, District energy, Smart energy systems, Waste management",Mixta,Mix
49,Financiación,"Funding, mobilizing investments",The Multilateral Fund for the Implementation of the Montreal Protocol,https://www.multilateralfund.org/,"The Fund has contributed to the successful implementation of the Montreal Protocol and gone beyond, catalysing social and environmental progress on a global scale. ",Cambio climático,"Our mission is to support developing (Article 5) countries in eliminating ozone-depleting substances and greenhouse gases, bolstering climate resilience, bettering public health, and cultivating a healthier, more livable world.",Pública,public fund
50,Financiación,finance facility,The NDC Pipeline Accelerator Trust Fund,https://www.ndf.int/what-we-finance/projects/project-database/ndc-pipeline-accelerator-ndf-c98.html,The NDC Pipeline Accelerator Trust Fund is an IDB led climate finance facility aimed at fast tracking bankable and sustainable projects that move Latin America and the Caribbean closer to realising the targets of the 2015 Paris climate conference.,Desarrollo,"infrastructure, agriculture, and land-use management",Pública,public institution
51,Financiación,Mercados de carbono,Fondo Acción,https://fondoaccion.org/,"El Fondo Acción ha obtenido recursos de cooperación internacional y filantropía mediante una gestión de segundo piso que le ha permitido apoyar soluciones innovadoras y de alto valor en temas como desarrollo rural sostenible, conservación, cambio climático y protección y desarrollo de niños, niñas y adolescentes con énfasis en primera infancia. REDD+",Créditos de carbono,"Conservación in situ, Restauración, Modelos de producción sostenible",Privada,Privado
52,Financiación,financial support,The Just Transition Mechanism (JTM),https://commission.europa.eu/strategy-and-policy/priorities-2019-2024/european-green-deal/finance-and-green-deal/just-transition-mechanism_en,"The Just Transition Mechanism (JTM) is a key tool to ensure that the transition towards a climate-neutral economy happens in a fair way, leaving no one behind. I",Cambio climático,Just Transition Fund,Mixta,mix
53,Financiación,Call for Ideas,Global Innovation Lab for Climate Finance,https://www.climatefinancelab.org/call-for-ideas/,"The Lab's structure fosters cross-sector cooperation and enables solutions to overcome investment barriers. The Lab will select and develop eight innovative ideas to drive climate finance in 2026. This cycle will focus on regional programs, designed to draw on local expertise and address the unique financial and climate challenges in target countries.",Cambio climático,Adaptación y  mitigación,Mixta,mix
54,Financiación,Convocatoria y licitación,"La Organización de Estados Iberoamericanos para la Educación, la Ciencia y la Cultura (OEI)",https://oei.int/,"La Organización de Estados Iberoamericanos para la Educación, la Ciencia y la Cultura (OEI) es el mayor organismo de cooperación multilateral entre países iberoamericanos de habla española y portuguesa con presencia física en 20 países.   ",Desarrollo,"Educación, la ciencia y la cultura, estrategia digital, los derechos humanos, la democracia y la igualdad",Cooperación internacional,Cooperación multilateral
55,Oportunidades laborales,,Tropenbos international,https://www.tropenbos.org/,"We work with communities, companies, and governments across these focus areas: Community Forest Management, Restoration, Agroforestry and Wildfire Prevention",Ambiental,"Gestión comunitaria de bosques, la prevención de incendios, negocios y finanzas, y la inclusión de género y juventud",Organización sin fines de lucro (ONG),non-profit
56,Subvención,,La Fundación Ford,https://www.fordfoundation.org/,"We believe in the inherent dignity of all people. But around the world, too many people are excluded from the political, economic, and social institutions that shape their lives.",Desarrollo,"Gobierno democrático, equidad económica, educación, libertad de expresión, género y justicia reproductiva, derechos humanos, oportunidad metropolitana, desarrollo sostenible, y finanzas con impacto social.",Organización caritativa sin fines de lucro,"Organización caritativa privada, sin fines de lucro y no gubernamental"
57,Oportunidades laborales,"Finance & Investing, careers",The Nature Conservancy,https://www.nature.org/en-us/,"Protecting nature is an investment in our future.
The scale of conservation challenges across the globe requires new and bigger sources of funding. Working with investors, lenders and companies to identify the economic value of nature, we can secure financing and investments that extend the impact of our philanthropic support for the benefit of people and nature.",Cambio climático,"Organización ambiental de amplio alcance con la misión de conservar tierras y aguas, y proteger la biodiversidad. Con un enfoque y una amplia experiencia en proyectos de mitigación del uso de la tierra y adaptación basada en ecosistemas, agricultura climáticamente inteligente, restauración forestal, restauración de tierras degradadas, gestión del agua dulce y conservación marina",Organización sin fines de lucro (ONG),"Organización ambiental global, sin ánimos de lucro"
58,Oportunidades laborales,,World Wild Fund,https://www.worldwildlife.org/,"Our mission is to build a future in which people live in harmony with nature. To deliver this mission, we work to conserve and restore biodiversity, the web that supports all life on Earth; to reduce humanity's environmental footprint; and to ensure the sustainable use of natural resources to support current and future generations.",Ambiental,"Climate, forests, food, freshwater, wildlife, and oceans",Organización sin fines de lucro (ONG),"Organización internacional no gubernamental, independiente, apolítica y de conservación"
59,Oportunidades laborales,,Oréade-Brèche,https://oreade-breche.com/,"Oréade-Brèche es una consultora especializada en desarrollo y medio ambiente. Llevamos más de 40 años trabajando en proyectos nacionales, europeos e internacionales que abordan retos multisectoriales e involucran a actores de diversos niveles (político, institucional, local, etc.) que operan en los sectores público y privado.",Ambiental,"Biodiversidad y recursos naturales, Árboles y bosques, Agricultura sostenible, Territorios y Clima",Privada,Privada
60,Oportunidades laborales,,Organización de los Estados Americanos ,https://www.oas.org/es/,"La Organización de los Estados Americanos es el principal foro regional para el diálogo, análisis de políticas y toma de decisiones en asuntos del Hemisferio. La OEA reúne líderes de las naciones de las Américas para abordar temas y oportunidades de la región. Juntos, buscan el fomento de la  cooperación entre los Estados y el avance en una agenda regional común en materia de gobernabilidad democrática, derechos humanos, seguridad multidimensional y desarrollo sostenible.",Desarrollo,"Democracia, derechos humanos, seguridad y desarrollo integral. Algunas áreas específicas son el desarrollo humano, el comercio, la cultura, la energía sostenible, la gestión de riesgos, la seguridad cibernética y el control de drogas, entre otras",Organización internacional,Organización internacional de tipo regional y continental
61,Academia,Scholarships,VLIRUOS,https://www.vliruos.be/,"VLIRUOS is the leading funding body for scholarships for and partnerships between academics from Flanders and partner institutions in Africa, Latin America, and Asia, focused on global sustainable development.",Ambiental,Global sustainable development.,Organización sin fines de lucro (ONG),Organización sin fines de lucro
62,Financiación,financing mechanism and commodity initiatives,The Common Fund for Commodities (CFC),https://www.common-fund.org/,The Common Fund for Commodities (CFC) is an autonomous intergovernmental financial institution established within the framework of the United Nations. The Agreement Establishing the Common Fund for Commodities was negotiated in the United Nations Conference on Trade and Development (UNCTAD) from 1976 to 1980 and became effective in 1989. The first commodity development project was approved in 1991.,Rural,market access and development; agro-processing; product competitiveness; infrastructure; marketing and access to finance,Institución financiera,Institución financiera intergubernamental autónoma
63,Academia,research projects ,Hinrich Foundation ,https://www.hinrichfoundation.com/,"Hinrich Foundation is a unique Asia-based philanthropic organization that works to advance mutually beneficial and sustainable global trade. It believes sustainable global trade strengthens relationships between nations and improves people’s lives. It supports original research and education programmes that build understanding and leadership in global trade. Its approach is independent, fact-based and objective.",Desarrollo,"comercio, sostenibilidad y digitalización",Organización filantrópica,Organización filantrópica
64,Oportunidades laborales,,El Centro de Estudios Sociales de América Latina (CESAL) ,https://www.cesal.org/,"A nivel internacional impulsamos intervenciones que permiten el desarrollo humano de las personas más vulnerables en países de África, Latinoamérica y Oriente Medio. En España trabajamos apoyando a personas y familias en riesgo de exclusión social.",Desarrollo,"Gastronomía social, Desarrollo económico, Educación, Migración y Refugio, Medioambiente y Gobernabilidad y Derechos Humanos",Organización sin fines de lucro (ONG),Organización No Gubernamental
65,Subvención,,Pure Earth,https://www.pureearth.org/,"Pure Earth is a nonprofit environmental health organization committed to solving the global pollution crisis with practical, evidence-based solutions. We work to protect people—especially children and pregnant women—and the planet from the harmful effects of toxic pollution, with a current focus on reducing lead and mercury exposure in low- and middle-income countries.",Ambiental,"identify and implement solutions that stop toxic exposures, protect health, and restore environments.",Organización sin fines de lucro (ONG),nonprofit 
66,Licitación,,Mercy Corps,https://www.mercycorps.org.co/,"Somos una organización global (no gubernamental y sin ánimo de lucro) impulsada a creer en un mundo lleno de posibilidades.

Con más de 45 años de experiencia, seguimos trabajando para dar soluciones duraderas a las comunidades, y apoyarlas a pasar de la crisis a las oportunidades ante el conflicto, la migración y el cambio climático. ",Desarrollo,"conflicto, la migración y el cambio climático",Organización sin fines de lucro (ONG),no gubernamental y sin ánimo de lucro
67,Oportunidades laborales,,The Norwegian Refugee Council (NRC),https://www.nrc.no/,The Norwegian Refugee Council (NRC) is an independent humanitarian organisation helping people forced to flee. We protect displaced people and support them as they build a new future.,Desarrollo," food security, education, shelter, legal assistance, protection from violence, and water, sanitation and hygiene",Pública,independent humanitarian organisation 
68,Subvención,,The International Climate Fund (ICF) ,https://www.gov.uk/guidance/international-climate-finance,"The BEIS ICF Technical Assistance Programme aims to:
1. Contribute to the reduction of Colombia’s emissions and poverty reduction by improving the capacity and capability of key institutions (national, subnational, non-state).

2. Support demand-led technical assistance that prioritises implementation and helps raise climate ambition, by addressing barriers, constraints and areas of opportunity at different levels of government based on the country’s political and economic context and sectoral priorities.",Energía,"Diffusion of non-conventional renewable energy, energy efficiency market, Improving energy access, Sustainable tourism and scientific research ",Pública,Gobierno
69,Subvención,,UK PACT,https://www.ukpact.co.uk/," Supporting transformational climate change projects worldwide

UK Partnering for Accelerated Climate Transitions (UK PACT) is a programme funded by the UK Government. UK PACT supports countries that strive to overcome barriers to clean growth and have high emissions reduction potential to accelerate their climate change mitigation efforts.",Cambio climático,"Accelerating energy transitions, Sustainable Growth, Supporting green finance and financing green initiatives, Supporting partner countries through the transfer of skills",Pública,Gobierno
70,Subvención,,This National Institute for Health Research (NIHR),https://www.gov.uk/international-development-funding/health-service-delivery-and-resilience-in-the-context-of-extreme-weather-events-research-and-innovation,This National Institute for Health Research (NIHR) funding call is seeking research proposals to investigate how health services can adapt to disruption caused by extreme weather events in low and middle income countries.,Cambio climático,"Climate change, Environment, Health and Humanitarian emergencies/disasters ",Pública,Gobierno
71,Subvención,,GSMA Innovation Fund for Climate Resilience and Adaptation 2.0 ,https://www.gov.uk/international-development-funding/gsma-innovation-fund-for-climate-resilience-and-adaptation-2-dot-0,"The fund will provide 15 to 18 month grants to for-profit small and growing enterprises, including start-ups, that leverage mobile and digital technology to pilot or scale solutions that help communities in LMICs to build resilience towards the impact of climate change. ",Cambio climático,"digital technology, especially mobile, to improve resilience and adaptation to climate change",Pública,Gobierno
72,Subvención,,The Canada Fund for Local Initiatives (CFLI),https://www.international.gc.ca/world-monde/funding-financement/cfli-fcil/index.aspx?lang=eng,"The Canada Fund for Local Initiatives (CFLI) funds small, high-impact projects in over 120 countries that are eligible for Official Development Assistance (ODA). The CFLI has an annual budget of $26.8 million, with projects averaging $31,000 each. Local organizations plan and carry out projects, while the Canadian Embassy or High Commission selects and approves them.",Desarrollo,"Inclusive governance, including diversity, democracy, human rights, 2SLGBTQI+ rights and the rule of law, Gender equality, Peace and security, Environmental and climate action",Pública,Gobierno
73,Subvención,,Programa de las Naciones Unidas para el Desarrollo (PNUD),https://www.undp.org/es,"El mandato del PNUD es poner fin a la pobreza, construir una gobernanza democrática, un estado de derecho e instituciones inclusivas. Abogamos por el cambio y conectamos a los países con el conocimiento, la experiencia y los recursos para ayudar a las personas a construir una vida mejor.",Desarrollo,"Ambiente y Desarrollo Sostenible, Desarrollo Humano y Políticas, Desarrollo inclusivo, Gobernabilidad Democrática, Igualdad de género, Laboratorio de Aceleración, Programa de Pequeñas Donaciones (PPD)",Pública,Público
74,Oportunidades laborales,,La Organización Meteorológica Mundial (OMM),https://wmo.int/es,"La Organización Meteorológica Mundial (OMM) es el portavoz autorizado del sistema de las Naciones Unidas en todo lo concerniente al estado y el comportamiento de la atmósfera terrestre, su interacción con la tierra y los océanos, el tiempo y el clima que genera, y la consiguiente distribución de los recursos hídricos.",Ambiental,monitoreo y protección del clima y del medioambiente,Pública,Público
75,Oportunidades laborales,,Organización de las Naciones Unidas para el Desarrollo Industrial,https://www.unido.org/,"UNIDO is a specialized agency of the United Nations with a unique mandate to promote, dynamize and accelerate industrial development.  ",Desarrollo,"Supporting sustainable supply chains, Limiting climate breakdown, Ending hunger",Pública,Público
76,Oportunidades laborales,,Oficina de las Naciones Unidas para la Reducción del Riesgo de Desastres,https://www.undrr.org/es,"UNDRR es parte del sistema de las Naciones Unidas y es el punto focal para reducir el riesgo, convocar y coordinar actividades de reducción con miras a un futuro resiliente, y proteger los logros alcanzados hacia la consecución de los Objetivos de Desarrollo Sostenible (ODS).",Ambiental,"UNDRR trabaja en el punto de intersección entre la comprensión del riesgo, la reducción de las pérdidas que generan los desastres y la prevención de nuevos riesgos",Pública,Público
77,Proyectos,,Oficina de las Naciones Unidas de Servicios para Proyectos subvenciones,https://www.unops.org/es,"UNOPS proporciona soluciones prácticas de infraestructura, adquisiciones y gestión de proyectos. 

Junto con nuestros asociados, apoyamos proyectos de paz y seguridad, humanitarios y de desarrollo en todo el mundo, atendiendo necesidades vitales y ayudando a crear un futuro más sostenible, resiliente e inclusivo",Desarrollo,Proyectos de desarrollo o provee servicios especializados,Pública,Público
78,Financiación,,Fondo Colombia Sostenible,https://www.colombiasostenible.gov.co/fondo/,"Es un fondo multidonante con aportes de los Gobiernos de Noruega, Suecia y Suiza, bajo la administración del Banco Interamericano de Desarrollo (BID), que contribuye a reducir la deforestación, conservar la biodiversidad y aumentar la resiliencia y el desarrollo rural sostenible para mejorar las condiciones de vida de las comunidades rurales en zonas afectadas por la violencia.",Cambio climático,"Transformación ambiental y productiva, a la sostenibilidad y a la adaptación al cambio climático, a la equidad de género y al desarrollo con identidad de los grupos étnicos",Institución financiera,fondo multidonante
79,Oportunidades laborales,,El Proyecto Biocarbono Orinoquia,https://biocarbono.org/,"El Proyecto Biocarbono Orinoquia – Paisajes sostenibles bajos en carbono busca identificar y desarrollar alternativas que permitan contribuir con la mejora de las condiciones para la planificación y producción agropecuaria sostenible, con el fin de garantizar la disminución en las emisiones de Gases Efecto Invernadero. La iniciativa es liderada por el Gobierno nacional con apoyo del Banco Mundial y se implementa en los departamentos de Arauca, Casanare, Meta y Vichada.",Rural,"Promover una planeación integral del uso del suelo y mejoramiento de la gobernanza para el control de la deforestación, Implementar buenas prácticas de manejo sostenible del suelo, importantes para revertir su tendencia a la degradación, Definir el Programa de Reducción de Emisiones (PRE) y de Monitoreo, Reporte y Verificación (MRV) para la región.",Institución financiera,fondo multilateral del Banco Mundial
80,Financiación,,La Iniciativa del Fondo del BioCarbono para Paisajes Forestales Sostenibles (ISFL),https://www.biocarbonfund-isfl.org/,"La Iniciativa del Fondo del BioCarbono para Paisajes Forestales Sostenibles (ISFL) colabora con países de todo el mundo para reducir las emisiones del sector terrestre a través de políticas, prácticas y planificación del uso de la tierra más inteligentes.",Rural,"Uso de la tierra, principalmente la agricultura y la silvicultura, para reducir las emisiones de gases de efecto invernadero y promover el desarrollo bajo en carbono",Institución financiera,fondo multilateral
81,Financiación,,El Fondo Verde del Clima (GCF),https://www.greenclimate.fund/,"El Fondo Verde para el Clima (GCF) es el fondo climático mundial para los países en desarrollo. Movilizamos y entregamos capital a gran escala, fortalecemos instituciones, apoyamos cambios transformadores y unimos redes de colaboración para generar impacto",Energía,"energía e industria, transporte, uso de la tierra, bosques y ecosistemas, y seguridad humana",Institución financiera,fondo de financiamiento
82,Financiación,,The Global Environment Facility (GEF),https://www.thegef.org/who-we-are,"The Global Environment Facility has a unique governing structure organized around an Assembly, the Council, the Secretariat, 18 agencies, a Scientific and Technical Advisory Panel, and the Evaluation Office. The GEF serves as a financial mechanism for several environmental conventions. ",Cambio climático,"pérdida de biodiversidad, el cambio climático, la contaminación y la salud de los ecosistemas terrestres y marinos",Institución financiera,fondo de financiamiento
83,Financiación,,Fondo Internacional de Desarrollo Agrícola (FIDA),https://www.ifad.org/es/inicio,"La visión del Fondo Internacional de Desarrollo Agrícola es lograr economías rurales dinámicas, inclusivas y sostenibles, donde las personas no padezcan ni hambre ni pobreza.",Rural,"prosperidad, la seguridad alimentaria y la resiliencia al conectar a las personas pobres de las zonas rurales con la financiación, los mercados, la tecnología y los conocimientos que necesitan para hacer frente a las dificultades más importantes. ",Institución financiera,Fondo Internacional de Desarrollo Agrícola
84,Oportunidades laborales,,ONU-Habitat,https://onu-habitat.org/,"En ONU-Habitat trabajamos por un mejor futuro urbano. Con oficinas en más de 90 países, promovemos el desarrollo de asentamientos humanos social y ambientalmente sostenibles y nos esforzamos por lograr una mejor calidad de vida para todas las personas en las ciudades y comunidades.",Desarrollo,urbanización sostenible como motor del desarrollo y la paz,Pública,institución pública de las Naciones Unidas
85,Proyectos,,Asistencia Financiera No Reembolsable para Proyectos Comunitarios de Seguridad Humana - KUSANONE,https://www.colombia.emb-japan.go.jp/itpr_es/cooperacionKUSANONE.html,"A través del esquema de Asistencia Financiera No Reembolsable para Proyectos Comunitarios de Seguridad Humana - KUSANONE, Japón ofrece ayuda a organizaciones no gubernamentales o autoridades territoriales (gobernaciones y alcaldías) para solucionar problemas relacionados con la satisfacción de las necesidades humanas básicas fundamentales, en población vulnerable por factores socio-económicos determinables y víctimas del conflicto (desplazados, reinsertados y víctimas de minas antipersonal, entre otros).",Rural,"Desarrollo agropecuario, Bomberos, Educación, Salud, Capacitación.",Pública,Público
86,Subvención,,Partnerships for Forests,https://partnershipsforforests.com/,"Forests are essential for global development and preventing dangerous climate change but currently, markets fail to realise this.
We support partnerships that deliver on commitments for deforestation-free commodities, reduce the pressure on forests, and improve livelihoods.",Rural,forest landscape types,Pública,Público
87,Subvención,,Prince Albert II of Monaco Foundation,https://www.fpa2.org/en/index,"Through our work, the Prince Albert II of Monaco Foundation helps meet the Sustainable Development Goals set by the United Nations in the 2030 Agenda for Sustainable Development in order to build a world in which peace, justice and equality prevail for people and the Planet.",Cambio climático,"La limitación del cambio climático y la promoción de energías renovables, la conservación de la biodiversidad y la protección de los recursos hídricos y la lucha contra la desertificación",Privada sin fines de lucro (private nonprofit),organización privada sin fines de lucro
88,Subvención,,"Agencia Italiana de Cooperación al Desarrollo, AICS",https://bogota.aics.gov.it/es/home-spa/,"Agencia Italiana de Cooperación al Desarrollo, una entidad del gobierno italiano. Se dedica a la promoción del desarrollo internacional y la ayuda humanitaria en Colombia y Sudamérica, operando como una extensión de la política exterior italiana. ",Ambiental,"medio ambiente, desarrollo rural, empleabilidad y emprendimiento, y paz y educación",Pública,Público
89,Proyectos,,COOPI,https://www.coopi.org/en/country/colombia.html?ln=3,"COOPI orienta sus acciones a fortalecer las capacidades nacionales y locales en territorios estratégicos, con un enfoque integral y multisectorial que prioriza tanto la protección ambiental como la atención a poblaciones en situación de vulnerabilidad. La organización centra su labor en territorios de frontera, donde confluyen múltiples desafíos sociales, ambientales y humanitarios. Así mismo, COOPI trabaja fuertemente en asocio con organizaciones locales, con el fin de fortalecer los ecosistemas nativos como en la Amazonía colombiana y transfronteriza.",Desarrollo,"Economic development, water and sanitation, disaster preparedness and disaster risk reduction, education in emergency nutrition security, protection",Pública,Público
90,Financiación,,Oxfam,https://www.oxfam.org/es,"Oxfam es un movimiento mundial de personas que trabajan juntas para acabar con la injusticia de la pobreza. Junto a nuestras organizaciones socias, llevamos a cabo programas de desarrollo, hacemos campaña e incidencia política y proporcionamos ayuda humanitaria durante desastres y conflictos. Todo ello lo hacemos combinando y compartiendo estrategias prácticas con métodos innovadores.

Desde asegurar que las comunidades tengan servicios de saneamiento adecuados y agua potable para beber hasta lograr que más niñas vayan a la escuela, no nos detendremos hasta que cada persona en el planeta pueda disfrutar de una vida libre de pobreza. Estas son nuestras principales áreas de trabajo.",Cambio climático,"climate action, economic justice, and humanitarian response",Organización sin fines de lucro (ONG),organización no gubernamental (ONG) y sin fines de lucro
91,Financiación,,National Wildlife Federation (NWF),https://nwfactionfund.org/,"The National Wildlife Federation Action Fund is a nonprofit organization working to raise the visibility of key conservation issues with voters and elected officials. While affiliated with National Wildlife Federation, it is a separate and distinct entity. Through grassroots actions and focused legislative campaigns, the Action Fund advocates for solutions to protect, restore, and connect wildlife habitat; transform wildlife conservation; and connect Americans with wildlife.",Ambiental,"Wildlife Conservation, Climate, Water, Our Lands, Habitats, People & Justice",Privada sin fines de lucro (private nonprofit),organización privada sin fines de lucro
92,Oportunidades laborales,,The Global Green Growth Institute (GGGI),https://gggi.org/,"The Global Green Growth Institute (GGGI) is a treaty-based international, inter-governmental organization dedicated to supporting and promoting strong, inclusive and sustainable economic growth in developing countries and emerging economies.",Finanzas,"Climate & Green Finance
Policy & Capacity
Circular Bioeconomy
Sustainable & Resilient Cities
Poverty & Gender",Pública,organización intergubernamental pública
93,Subvención,,Banco de Desarrollo de América Latina y el Caribe (CAF),https://www.caf.com/,"Somos un banco de desarrollo comprometido con apoyar a los países de América Latina y el Caribe y mejorar la calidad de vida en la región. Nuestras acciones promueven el desarrollo sostenible y la integración regional. Atendemos a los sectores público y privado, suministrando productos y servicios múltiples a una amplia cartera de clientes constituida por 24 países miembros, empresas privadas e instituciones financieras.",Desarrollo,"infraestructura, la agricultura, la educación, la salud y el sector privado",Institución financiera,banco de desarrollo
94,Proyectos,,La Fundación EPM,https://www.grupo-epm.com/site/fundacionepm/,"La Fundación EPM diseña y gestiona iniciativas que promueven la educación, la cultura, la innovación y la gestión social y ambiental, contribuyendo al desarrollo sostenible de los territorios. Con este enfoque, la Fundación EPM se consolida como un habilitador clave en los territorios, generando transformación social y ambiental alineada con su estrategia institucional, la sostenibilidad del Grupo EPM y los Objetivos de Desarrollo Sostenible (ODS). ",Desarrollo,"estión social y ambiental, servicios públicos domiciliarios, desarrollo humano y educación superior",Privada sin fines de lucro (private nonprofit),entidad privada sin ánimo de lucro
95,Subvención,,CIPE,https://www.cipe.org/,"CIPE crea nuevas oportunidades y ayuda a mejorar la vida de millones de personas. El liderazgo del sector privado y el compromiso con los principios democráticos son lo que hacen que los programas de CIPE sean tan únicos e impactantes, porque en la mayoría de los países y comunidades, las pequeñas y medianas empresas son el motor económico. ",Desarrollo,"Facilitación del comercio, economía digital y gobernanza, anticorrupción y cumplimiento, inversión responsable, empoderamiento económico, desarrollo de asocioaciones",Privada,Privado
96,Oportunidades laborales,,Sustainable Business Council (SBC),https://sbc.org.nz/,"SBC is a membership organisation that connects businesses, partners, and sectors to create impact that no single business could achieve alone. We work with executives and sustainability professionals to maximise their positive impact for shareholders, communities and the environment. We hold our members to account by asking them to fulfil member commitments. We deliver impact by championing our members to be at the leading-edge of sustainability and in doing so inspire other businesses to take action.",Energía,"energy, agriculture, transport, finance, manufacturing, tech, and retail.",Privada,Privado
97,Subvención,,Fundación Tinker,https://tinker.org/es/,"La Fundación ha canalizado más subvenciones hacia organizaciones de la sociedad civil con sede en Latinoamérica, respondiendo e invirtiendo en la visión de los actores locales que están trazando un camino para sus países y para la región. Un ejemplo notable ha sido el apoyo de la Fundación Tinker al movimiento latinoamericano judicial ad honorem de los últimos veinte años, que impulsó la segunda presidente de la Fundación Tinker, la Sra. Renate Rennie. Como parte de esa iniciativa, la Fundación Tinker apoyó a diversos abogados y actores que trabajan con incidencia política en toda la región que buscaban fortalecer el acceso a la justicia movilizando el talento y el tiempo de los colegios y asociaciones privadas de abogados en sus países.",Desarrollo,gobernanza democrática y educación,Privada,Privado
98,Financiación,,Makaia,https://makaia.org/,"Makaia es una organización sin fines de lucro con sede en Colombia, fundada con el propósito de generar capacidades de desarrollo social en América Latina a través de la tecnología, la innovación y la movilización de recursos.
Nuestra visión es alcanzar una sociedad en la que cada persona y organización disponga del conocimiento y la información necesarios para impulsar su propia transformación y la de sus comunidades, con el fin de mejorar la calidad de vida",Desarrollo,tecnología y estrategias de desarrollo social,Privada sin fines de lucro (private nonprofit),privada y sin ánimo de lucro
99,Subvención,,Fundación Biodiversidad ,https://fundacion-biodiversidad.es/,"Contribuir a revertir la pérdida de biodiversidad. Esto exige impulsar actuaciones en varios ámbitos a la vez, para conservar los ecosistemas sanos, restaurar los ecosistemas degradados, promover un uso sostenible de la biodiversidad y frenar las causas de su deterioro.",Ambiental,"protección de la naturaleza, la formación y sensibilización ambiental, la investigación, y la cooperación internacional",Pública,Público
100,Financiación,,Department for Energy Security & Net Zero (DESNZ),https://www.gov.uk/government/organisations/department-for-energy-security-and-net-zero,"Leading the government mission to achieve clean power by 2030 and accelerate to net zero: this will boost energy independence, protect billpayers, create growth and jobs and reduce carbon emissions",Energía,"energy security, supply, and markets, and industrial and building decarbonisation",Pública,Público
101,Oportunidades laborales,,Norwegian Church Aid,https://www.kirkensnodhjelp.no/en,"Norwegian Church Aid trabaja con personas y organizaciones de todo el mundo en su lucha por erradicar la pobreza y la injusticia. Ayudamos a quienes más lo necesitan, independientemente de su etnia, credo, afiliación política o religiosa.",Desarrollo,"gender-based violence, climate-resilient water, sanitation, and hygiene (CRWASH), peacebuilding, and economic development",Privada,Privada
